"ID","Is Private","Is Attachments Folder","File URL","Attached To DocType","File Size","Thumbnail URL","File Name"
"61736154b7",0,0,"/files/roland_cv.pdf","User",50308,"","roland_cv.pdf"
"cec52a32b2",0,0,"/files/alain_cv.pdf","User",224765,"","alain_cv.pdf"
"15f19ecd0e",0,0,"/files/raymond_cv.pdf","User",253088,"","raymond_cv.pdf"
"ae2c4b754e",0,0,"/files/goran_cv.pdf","User",175779,"","goran_cv.pdf"
"f818624f12",0,0,"/files/abdullah_cv.pdf","User",371956,"","abdullah_cv.pdf"
"c774cfeb7f",0,0,"/files/gaby_cv.pdf","User",146274,"","gaby_cv.pdf"
"caf1ebf23d",0,0,"/files/xdp-18.jpg","Topic",68127,"","xdp-18.jpg"
"2a12130722",0,0,"/files/xdp-17.jpg","Topic",64930,"","xdp-17.jpg"
"55ca49d7d5",0,0,"/files/xdp-16.jpg","Topic",71272,"","xdp-16.jpg"
"b53810b1ef",0,0,"/files/xdp-15.png","Topic",328620,"","xdp-15.png"
"9a8d8cce6d",0,0,"/files/xdp-14.jpg","Topic",47505,"","xdp-14.jpg"
"f5cf82555a",0,0,"/files/xdp-13.jpg","Topic",46988,"","xdp-13.jpg"
"ca6786138b",0,0,"/files/xdp-12.jpg","Topic",49193,"","xdp-12de926b.jpg"
"da9facbd58",0,0,"/files/xdp-12.jpg","Topic",49193,"","xdp-12.jpg"
"3144e9ba68",0,0,"/files/xdp-11.jpg","Topic",50371,"","xdp-11.jpg"
"59391ff568",0,0,"/files/xdp-10.jpg","Topic",54298,"","xdp-10.jpg"
"bd532f6180",0,0,"/files/xdp-9.jpg","Topic",54360,"","xdp-9.jpg"
"58a2a20f92",0,0,"/files/xdp-8.jpg","Topic",52820,"","xdp-8.jpg"
"4bda59256f",0,0,"/files/xdp-6.jpg","Course",53337,"","xdp-6.jpg"
"b925da302c",0,0,"/files/xdp-5.jpg","Course",52946,"","xdp-5.jpg"
"02d9aaf8d1",0,0,"/files/2.jpg","Course",54360,"","2.jpg"
"1077beed7e",1,0,"/private/files/Server_Script.csv","Data Import",2747,"","Server_Script.csv"
"eac4cdcf4e",1,0,"/private/files/Course_Modality 2.csv","Data Import",1842,"","Course_Modality 2.csv"
"a0d96bc069",0,0,"/files/jason-goodman-X8H8vPcelPk-unsplash.jpg","",401573,"","jason-goodman-X8H8vPcelPk-unsplash.jpg"
"0d8a79cd4b",1,0,"/private/files/Program1d1cfb.csv","Data Import",8194,"","Program1d1cfb.csv"
"e07abf79eb",1,0,"/private/files/Courseb0245e.csv","Data Import",11574,"","Courseb0245e.csv"
"4869932b7a",0,0,"/files/gate.jpg","Course",0,"","gate.jpg"
"2ad5b60dff",0,0,"/files/jione.jpg","Course",0,"","jione.jpg"
"ba533ed9f5",0,0,"/files/tuleap.jpg","Course",0,"","tuleap.jpg"
"0d6c170181",0,0,"/files/mail.jpg","Course",0,"","mail.jpg"
"ad180c3b94",0,0,"/files/documents.jpg","Course",0,"","documents.jpg"
"26ac4922d4",0,0,"/files/chat.jpg","Course",0,"","chat.jpg"
"d53160a5a5",1,0,"/private/files/Courseb0245e.csv","Data Import",11574,"","Courseb0245e.csv"
"3f666815ed",0,0,"/files/user.png","",16826,"","user.png"
"bc1d48ea7d",0,0,"/files/money-bag.png","",16173,"","money-bag.png"
"33e743ab12",0,0,"/files/clock.png","",14310,"","clock.png"
"5afe0f4f86",0,0,"/files/debouches.png","",26700,"","debouches.png"
"331fb94201",0,0,"/files/cube.png","",23571,"","cube.png"
"520ef70400",0,0,"/files/rythme.png","",6793,"","rythme.png"
"8379b61382",0,0,"/files/module.png","",10041,"","module.png"
"a3db85d73d",0,0,"/files/money.png","",14232,"","money.png"
"d38ed0c3d3",0,0,"/files/checklists.png","",8854,"","checklists.png"
"90583cc9f3",0,0,"/files/Mbappe Greg_cv.pdf","User",98536,"","Mbappe Greg_cv.pdf"
"65ae8bb399",0,0,"/files/Yolande BAGADEMA NKEME_cv.pdf","User",641188,"","Yolande BAGADEMA NKEME_cv.pdf"
"6436e85daf",0,0,"/files/ATIMENE SAHADEUH Junie_cv.pdf","User",338311,"","ATIMENE SAHADEUH Junie_cv.pdf"
"0b9c9d722b",0,0,"/files/nestor Winamo_cv.pdf","User",116480,"","nestor Winamo_cv.pdf"
"ead713256d",1,0,"/private/files/data YVAN TCHATAGNE.pdf","Communication",145655,"","data YVAN TCHATAGNE.pdf"
"b5317516ea",0,0,"/files/SIMO Sorel_cv.pdf","User",380418,"","SIMO Sorel_cv.pdf"
"2548407be6",0,0,"/files/Cedric JIONGO NGNIMPIABA_cv.pdf","User",703906,"","Cedric JIONGO NGNIMPIABA_cv.pdf"
"0e9f55e443",1,0,"/private/files/Greg Mbappe Stage Lettre presentation.docx","Communication",20008,"","Greg Mbappe Stage Lettre presentation.docx"
"48f7015ea1",1,0,"/private/files/CV Greg Mbappe2022.pdf","Communication",98536,"","CV Greg Mbappe2022.pdf"
"58fe1399c8",0,0,"/files/Mbappe Greg_cv.pdf","User",98536,"","Mbappe Greg_cv.pdf"
"98fa5aa653",0,0,"/files/Tsala Bessem Eddie Franck_cv.pdf","User",123575,"","Tsala Bessem Eddie Franck_cv.pdf"
"053a9e979f",0,0,"/files/NGOUE Aurore succès_cv.pdf","User",351234,"","NGOUE Aurore succès_cv.pdf"
"f2e6ff9d47",0,0,"/files/Clarisse Acho Tinda_cv.pdf","User",135831,"","Clarisse Acho Tinda_cv.pdf"
"9d529d1ae8",0,0,"/files/Fotsing Doriane_cv.pdf","User",463095,"","Fotsing Doriane_cv.pdf"
"b965ca3952",0,0,"/files/ANDRIAMIALISOA FENITRINIAINA FANNY SAIDA_cv.pdf","User",59351,"","ANDRIAMIALISOA FENITRINIAINA FANNY SAIDA_cv.pdf"
"3c34d75e5b",0,0,"/files/Manye Jordana_cv.pdf","User",63253,"","Manye Jordana_cv.pdf"
"d010718308",0,0,"/files/tsague_cv.pdf","User",76821,"","tsague_cv.pdf"
"95ef6e80eb",0,0,"/files/Fouadin Tueguem Francine Milène_cv.pdf","User",663279,"","Fouadin Tueguem Francine Milène_cv.pdf"
"310c4bd0f5",0,0,"/files/WONTCHUI TOWO DANNY ANICET_cv.pdf","User",154579,"","WONTCHUI TOWO DANNY ANICET_cv.pdf"
"9e869f2db9",0,0,"/files/Sonwa Kenne Eugénie_cv.pdf","User",69372,"","Sonwa Kenne Eugénie_cv.pdf"
"e41b39b08c",0,0,"/files/Siehadji Nguekam Claude Berthold_cv.pdf","User",313767,"","Siehadji Nguekam Claude Berthold_cv.pdf"
"edfaa1e493",0,0,"/files/NDJOUENKEU DAFEU William Stephane_cv.pdf","User",178741,"","NDJOUENKEU DAFEU William Stephane_cv.pdf"
"264aa3f32e",0,0,"/files/Oben Dorcas Eyong_cv.pdf","User",34601,"","Oben Dorcas Eyong_cv.pdf"
"f14b85d870",0,0,"/files/Mbigo Yannick_cv.pdf","User",623548,"","Mbigo Yannick_cv.pdf"
"c38f8c1eef",0,0,"/files/Kamdom Marlaine Kevine_cv.pdf","User",308526,"","Kamdom Marlaine Kevine_cv.pdf"
"b5b3dee1e4",0,0,"/files/profil.png","User",0,"","profil.png"
"978a78f3a2",0,0,"/files/profil.png","",274711,"","profil.png"
"a28c14b589",0,0,"/files/Nehale jessie berlie_cv.pdf","User",281989,"","Nehale jessie berlie_cv.pdf"
"09f4b76223",0,0,"/files/ANDOUNGOU NZIE Lyly Lourdes Madeleine_cv.pdf","User",91262,"","ANDOUNGOU NZIE Lyly Lourdes Madeleine_cv.pdf"
"f3458c3271",0,0,"/files/Atebede raissa_cv.pdf","User",276294,"","Atebede raissa_cv.pdf"
"a8d7e9e841",0,0,"/files/Nguegang Virgile Rochnell_cv.pdf","User",443746,"","Nguegang Virgile Rochnell_cv.pdf"
"3f4196b552",0,0,"/files/Leance Gileguy_cv.pdf","User",146615,"","Leance Gileguy_cv.pdf"
"77c99d2a1e",0,0,"/files/Phalonne Manuella Djuidje Kengne_cv.pdf","User",133931,"","Phalonne Manuella Djuidje Kengne_cv.pdf"
"47dc31b51d",1,0,"/private/files/CV Albert stage 1 .pdf","Communication",936838,"","CV Albert stage 1 .pdf"
"8823d51177",0,0,"/files/DZUAKOU TODEM_cv.pdf","User",503814,"","DZUAKOU TODEM_cv.pdf"
"c040cd2e61",0,0,"/files/FOFACK  DJIODIEU LAURE  STELLA_cv.pdf","User",244077,"","FOFACK  DJIODIEU LAURE  STELLA_cv.pdf"
"32bb945cbc",0,0,"/files/Camille KEDY_cv.pdf","User",222502,"","Camille KEDY_cv.pdf"
"f29e38fce9",0,0,"/files/NANA Michèle_cv.pdf","User",178327,"","NANA Michèle_cv.pdf"
"1ab3c65983",0,0,"/files/NDOMO KEMAJOU ANTONI DUPLEX_cv.pdf","User",351018,"","NDOMO KEMAJOU ANTONI DUPLEX_cv.pdf"
"b04709a1a2",0,0,"/files/MEZANFACK Agnes_cv.pdf","User",69533,"","MEZANFACK Agnes_cv.pdf"
"57ea0454cb",0,0,"/files/OYONO DIPITA_cv.pdf","User",262277,"","OYONO DIPITA_cv.pdf"
"d650fc79eb",0,0,"/files/Hanitriniaina samuella_cv.pdf","User",308135,"","Hanitriniaina samuella_cv.pdf"
"e3605c25ae",0,0,"/files/BOUGNOGOLO BOUGNOGOLO DANIEL_cv.pdf","User",260697,"","BOUGNOGOLO BOUGNOGOLO DANIEL_cv.pdf"
"77356a170b",0,0,"/files/Suffo GYSLAIN_cv.pdf","User",82433,"","Suffo GYSLAIN_cv.pdf"
"dd2356c7ea",0,0,"/files/Oumarou Adamou_cv.pdf","User",179057,"","Oumarou Adamou_cv.pdf"
"16ee12c149",0,0,"/files/rollsy nimi_cv.pdf","User",586084,"","rollsy nimi_cv.pdf"
"0eb463df8a",0,0,"/files/Dylan Youmbi_cv.pdf","User",186902,"","Dylan Youmbi_cv.pdf"
"79a0fdf5ae",0,0,"/files/Kengne sarah Arlette_cv.pdf","User",561919,"","Kengne sarah Arlette_cv.pdf"
"94a1bd62a7",0,0,"/files/Ali Mamoudah_cv.pdf","User",553570,"","Ali Mamoudah_cv.pdf"
"0ca138974c",0,0,"/files/TCHADJET NZIA Axelle_cv.pdf","User",433256,"","TCHADJET NZIA Axelle_cv.pdf"
"f890eb7ed0",0,0,"/files/Jodele Marthe tetka_cv.pdf","User",671379,"","Jodele Marthe tetka_cv.pdf"
"27b422c2ab",0,0,"/files/MENYENG NIAPAGNI DONA EDWIGE_cv.pdf","User",109442,"","MENYENG NIAPAGNI DONA EDWIGE_cv.pdf"
"06ccd425bb",0,0,"/files/sedrick tchatchouang_cv.pdf","User",397844,"","sedrick tchatchouang_cv.pdf"
"513fad131a",0,0,"/files/Tchuigwa Djiya Hervé_cv.pdf","User",97421,"","Tchuigwa Djiya Hervé_cv.pdf"
"6d88c7cc30",0,0,"/files/Maguiraga Assétou_cv.pdf","User",54335,"","Maguiraga Assétou_cv.pdf"
"dc737b5185",0,0,"/files/Wayem Steve_cv.pdf","User",160488,"","Wayem Steve_cv.pdf"
"16deccca11",0,0,"/files/MENYENG NIAPAGNI DONA EDWIGE_cv.pdf","User",109442,"","MENYENG NIAPAGNI DONA EDWIGE_cv.pdf"
"f613756df4",0,0,"/files/ADOUM TAIGA ABDOULAYE_cv.pdf","User",281396,"","ADOUM TAIGA ABDOULAYE_cv.pdf"
"cc12558fcd",0,0,"/files/Randriamanga Ny Aina Joel Douggy_cv.pdf","User",45230,"","Randriamanga Ny Aina Joel Douggy_cv.pdf"
"65b2fd2520",0,0,"/files/Ngalima Zang Suzanne Ingrid_cv.pdf","User",288011,"","Ngalima Zang Suzanne Ingrid_cv.pdf"
"217fda01d3",0,0,"/files/TAME KAMGUIA Guy Florian_cv.pdf","User",367919,"","TAME KAMGUIA Guy Florian_cv.pdf"
"c48f6c1c20",0,0,"/files/Ghislain POUNGONG DZOKO_cv.pdf","User",502541,"","Ghislain POUNGONG DZOKO_cv.pdf"
"43d8c9701d",0,0,"/files/photo de profil22.jpg","User",0,"","photo de profil22.jpg"
"c91182435e",0,0,"/files/photo de profil22.jpg","",897587,"","photo de profil22.jpg"
"ddb793bd62",0,0,"/files/IREX-Brand.png","",8883,"","IREX-Brand.png"
"3f4160c160",0,0,"/files/bxl-facebook-square.png","",299,"","bxl-facebook-square.png"
"1bd441b8ce",0,0,"/files/bxl-linkedin-square.png","",320,"","bxl-linkedin-square.png"
"8e606b9a4a",0,0,"/files/facebook-group.png","",716,"","facebook-group.png"
"9625bb29f8",0,0,"/files/MEFIRE FILS ASSAN_cv.pdf","User",89108,"","MEFIRE FILS ASSAN_cv.pdf"
"6e5c2314c1",0,0,"/files/covervboxpfsense.jpg","Blog Post",580411,"","covervboxpfsense.jpg"
"f5a4370010",0,0,"/files/MEGAPTCHE CHEKAM RONALD_cv.pdf","User",156555,"","MEGAPTCHE CHEKAM RONALD_cv.pdf"
"71a5e18f4b",0,0,"/files/ariane.jpg","Blogger",8598,"","ariane.jpg"
"f735c8d64c",0,0,"/files/Godonou Israel Jésuclo_cv.pdf","User",123467,"","Godonou Israel Jésuclo_cv.pdf"
"d3fd70b699",0,0,"/files/Group-26.png","",6121,"","Group-26.png"
"36829a0000",0,0,"/files/Kitio Wamba madel yako_cv.pdf","User",70666,"","Kitio Wamba madel yako_cv.pdf"
"a2f18edc19",0,0,"/files/LEVIENANTCHE CONSTANT COULIBALY_cv.pdf","User",379139,"","LEVIENANTCHE CONSTANT COULIBALY_cv.pdf"
"9815f6c5ed",0,0,"/files/Salihou Hamadou_cv.pdf","User",237721,"","Salihou Hamadou_cv.pdf"
"0d4ec560b5",0,0,"/files/Mvogo Yannick Patrick_cv.pdf","User",349243,"","Mvogo Yannick Patrick_cv.pdf"
"4aff660577",0,0,"/files/bssie augustin_cv.pdf","User",263733,"","bssie augustin_cv.pdf"
"7a20421f20",1,0,"/private/files/Bossambo Ehab_cv.pdf","User",814049,"","Bossambo Ehab_cv.pdf"
"f15459694c",0,0,"/files/RANDRIANIAINA Heritiana Alexis_cv.pdf","User",345061,"","RANDRIANIAINA Heritiana Alexis_cv.pdf"
"f67fe11186",0,0,"/files/Kolwe kolyan anicet parfait_cv.pdf","User",205972,"","Kolwe kolyan anicet parfait_cv.pdf"
"d19e3b9372",0,0,"/files/firmbee-com-jrh5lAq-mIs-unsplash_20.jpg","Course",61276,"","firmbee-com-jrh5lAq-mIs-unsplash_20.jpg"
"d331cf9e58",0,0,"/files/austin-distel-744oGeqpxPQ-unsplash_50.jpg","Course",685471,"","austin-distel-744oGeqpxPQ-unsplash_50.jpg"
"74ec1ba839",0,0,"/files/calculator-385506_1920.jpg","Program",155639,"","calculator-385506_1920.jpg"
"69770fcb24",1,0,"/private/files/Programe2dd50.csv","Data Import",6568,"","Programe2dd50.csv"
"c5bc59b1a5",1,0,"/private/files/Course76e4fb.csv","Data Import",13679,"","Course76e4fb.csv"
"60b31abcde",0,0,"/files/WhatsApp Image 2022-04-28 at 6.54.45 PM (1).jpeg","User",0,"","WhatsApp Image 2022-04-28 at 6.54.45 PM (1).jpeg"
"92ba4c6a87",0,0,"/files/WhatsApp Image 2022-04-28 at 6.54.45 PM (1).jpeg","",41366,"","WhatsApp Image 2022-04-28 at 6.54.45 PM (1).jpeg"
"6b7af1cb13",1,0,"/private/files/Program2.csv","Data Import",7364,"","Program2.csv"
"4794fb9885",0,0,"/files/social_media.jpg","Course",266597,"","social_media.jpg"
"1ed114515c",0,0,"/files/businessman-2606506_1920.jpg","Course",414585,"","businessman-2606506_1920.jpg"
"1c1d0ec6bb",0,0,"/files/representant.jpg","Course",257516,"","representant.jpg"
"67cdc8cbad",1,0,"/private/files/Program (1).csv","Data Import",7383,"","Program (1)30fb1b.csv"
"4d1f04f53c",1,0,"/private/files/Program (1).csv","Data Import",7383,"","Program (1)30fb1b.csv"
"e8cb6abc27",1,0,"/private/files/Program (1).csv","Data Import",7383,"","Program (1).csv"
"225b94acab",1,0,"/private/files/Course9bbaed.csv","Data Import",10153,"","Course9bbaed.csv"
"ccd27aed6b",0,0,"/files/Héritier-Arjun MBANZA_cv.pdf","User",392350,"","Héritier-Arjun MBANZA_cv.pdf"
"ea9263cce7",0,0,"/files/Nkomba À koung_cv.pdf","User",240933,"","Nkomba À koung_cv.pdf"
"3e0ef966c4",1,0,"/private/files/CV Dominique Nguetcheu PHP.pdf","User",56472,"","CV Dominique Nguetcheu PHP.pdf"
"2a95a14569",0,0,"/files/TSOPDIEU FOPA CEDRIC GUEUBRUERS_cv.pdf","User",86288,"","TSOPDIEU FOPA CEDRIC GUEUBRUERS_cv.pdf"
"8e5af494e9",0,0,"/files/TCHENEGHON HERMAN_cv.pdf","User",700555,"","TCHENEGHON HERMAN_cv.pdf"
"6fd77c9511",0,0,"/files/Boris vianney Biya_cv.pdf","User",48932,"","Boris vianney Biya_cv.pdf"
"fb52c7203b",0,0,"/files/Saloum Maïga_cv.pdf","User",670850,"","Saloum Maïga_cv.pdf"
"60aaa8497e",0,0,"/files/diakaria Coulibaly_cv.pdf","User",216180,"","diakaria Coulibaly_cv.pdf"
"e50fd97386",0,0,"/files/Chick Henry Tebo_cv.pdf","User",107517,"","Chick Henry Tebo_cv.pdf"
"c693ea6f16",0,0,"/files/upload.svg","Website Theme",318,"","upload.svg"
"a3e71dc519",1,0,"/private/files/Screenshot_20220308-191812.png","Communication",28752,"","Screenshot_20220308-191812.png"
"5be983db73",1,0,"/private/files/Screenshot_20220301-173103.jpeg","Communication",159188,"","Screenshot_20220301-173103.jpeg"
"94f87c63b7",0,0,"/files/fKHH3K5.png","Article",557583,"","fKHH3K5.png"
"8a5829af0a",0,0,"/files/ZdKty2B.png","Article",348920,"","ZdKty2B.png"
"4f918b133c",0,0,"/files/MzCttJn.png","Article",414743,"","MzCttJn.png"
"2b70b44123",0,0,"/files/z2XPvTv.png","Article",344558,"","z2XPvTv.png"
"cc5a66fae7",0,0,"/files/bhwTTH0.png","Article",176884,"","bhwTTH0.png"
"9a47e74563",0,0,"/files/lZwwqmm.png","Article",126962,"","lZwwqmm.png"
"ddac988080",0,0,"/files/hMx1HNi.png","Article",130215,"","hMx1HNi.png"
"cc50bdb94c",0,0,"/files/UrK57yB.png","Article",225870,"","UrK57yB.png"
"2cc1d2d1c3",0,0,"/files/documents.jpg","Topic",23295,"","documents.jpg"
"a6c9711b08",0,0,"/files/tuleap.jpg","Topic",26568,"","tuleap.jpg"
"ecec5db3f2",0,0,"/files/chat.jpg","Topic",33623,"","chat.jpg"
"7ae89b2617",0,0,"/files/mail.jpg","Topic",26540,"","mail.jpg"
"adbe549589",0,0,"/files/jione.jpg","Topic",83456,"","jione.jpg"
"9c77ecb691",0,0,"/files/gate.jpg","Topic",33322,"","gate.jpg"
"e92e75de6e",1,0,"/private/files/Article.csv","Data Import",2306,"","Article.csv"
"e4974d05aa",0,0,"/files/photo2[1].jpg","User",0,"","photo2[1].jpg"
"eae45fe0a3",0,0,"/files/photo2[1].jpg","",406427,"","photo2[1].jpg"
"19ea4a8cbb",0,0,"/files/IMG_20211225_082627_4.jpg","",1043817,"","IMG_20211225_082627_4.jpg"
"1e20a8a350",0,0,"/files/IMG_20211215_081322.jpg","User",0,"","IMG_20211215_081322.jpg"
"4cdb9d5a73",0,0,"/files/IMG_20211215_081322.jpg","",823950,"","IMG_20211215_081322.jpg"
"b61d897c0d",1,0,"/private/files/ContactUsSettings.pdf","Communication",20346,"","ContactUsSettings.pdf"
"13902eaf03",1,0,"/private/files/Student_Applicant.csv","Data Import",145,"","Student_Applicant.csv"
"31571f8b17",1,0,"/private/files/User.csv","Data Import",20261,"","User.csv"
"8a6ec07d14",1,0,"/private/files/Role_Profile.csv","Data Import",118,"","Role_Profile.csv"
"b4f996c833",0,0,"/files/IqRh7kS.png","Email Account",30638,"","7rkieaX.png"
"d04c1cc0c7",0,0,"/files/digital-marketing-5816304_1920.jpg","Program",409375,"","digital-marketing-5816304_1920.jpg"
"30971e07d2",0,0,"/files/ecommerce-2140603_1920.jpg","Program",109886,"","ecommerce-2140603_1920.jpg"
"bf579c7c0c",0,0,"/files/email-4284157_1280.png","Program",0,"","email-4284157_1280.png"
"ce28821580",0,0,"/files/email-4284157_1280.png","Program",0,"","email-4284157_1280.png"
"fef6aa8fb6",0,0,"/files/kitio46b8d1.jpg","",55577,"","kitio46b8d1.jpg"
"8f32edd188",0,0,"/files/kitio46b8d1.jpg","",55577,"","kitio46b8d1.jpg"
"2f924799ed",0,0,"/files/choungmo-fofack-nice-me259a2a.jpeg","",74199,"","choungmo-fofack-nice-me259a2a.jpeg"
"65f58d6f15",0,0,"/files/choungmo-fofack-nice-me_25%.png","",340398,"","choungmo-fofack-nice-me.png"
"2dd0f80cf3",0,0,"/files/choungmo-fofack-nice-me_25%.png","",340398,"","choungmo-fofack-nice-me_25%10b751.png"
"301e1db518",0,0,"/files/choungmo-fofack-nice-me_25%.png","",340398,"","choungmo-fofack-nice-me_25%.png"
"5642d04f16",0,0,"/files/choungmo-fofack-nice-me.jpeg","",71231,"","choungmo-fofack-nice-me.jpeg"
"a10ae57be9",0,0,"/files/facebook-group.svg","Website Settings",8466,"","facebook-group.svg"
"0ddf1341af",0,0,"/files/IqRh7kS.png","Email Account",30638,"","y9U70P5.png"
"101a2879d6",0,0,"/files/ssl-2890762_1920.jpg","Course",139886,"","ssl-2890762_1920.jpg"
"b5c31f1906",0,0,"/files/Headline-Imagese3943c.png","Web Template",962768,"","Headline-Imagese3943c.png"
"e3bb8c6ac1",0,0,"/files/fingerprint-2904774_1920.jpg","Course",153507,"","fingerprint-2904774_1920d30736.jpg"
"e5b48e7f14",0,0,"/files/fingerprint-2904774_1920.jpg","Course",153507,"","fingerprint-2904774_1920.jpg"
"7c6358220e",0,0,"/files/crypto.jpg","Course",346657,"","crypto.jpg"
"19e27198b7",0,0,"/files/CF4abda7.png","",0,"","CF4abda7.png"
"0f11e48cb1",0,0,"/files/KFd25b06.png","",0,"","KFd25b06.png"
"1ba0b501b6",0,0,"/files/CF4abda7.png","",221140,"","CF4abda7.png"
"2538b53209",0,0,"/files/KFd25b06.png","",209862,"","KFd25b06.png"
"2a61924501",0,0,"/files/IqRh7kS.png","Email Account",30638,"","9pvF6wR.png"
"b3028bc738",0,0,"/files/CF67a939.png","",228513,"","CF67a939.png"
"a060b658e3",0,0,"/files/CF.png","",116792,"","CF.png"
"14673759ca",0,0,"/files/KF.png","",221264,"","KF.png"
"5db69c71c6",0,0,"/files/IqRh7kS.png","Email Account",30638,"","IqRh7kS.png"
"ffad965323",0,0,"/files/clock-1274699_1280.jpg","",0,"","clock-1274699_1280.jpg"
"d910ee2f3c",0,0,"/files/linux-4259595_1280.jpg","Course",0,"","linux-4259595_1280.jpg"
"aa6029f326",0,0,"/files/virtual-machine-software-windows-10-featured.jpg","Course",0,"","virtual-machine-software-windows-10-featured.jpg"
"6d35beccc9",0,0,"/files/illu_docker_blog-52-1-1024x562.png","Course",0,"","illu_docker_blog-52-1-1024x562.png"
"a685880553",0,0,"/files/1590052943613.jfif","",33323,"","1590052943613.jfif"
"d1d3f7f94b",0,0,"/files/clock-1274699_1280.jpg","",111366,"","clock-1274699_1280.jpg"
"06b245f0cc",0,0,"/files/aretex.png","Web Template",28579,"","aretex.png"
"9c32b05b05",0,0,"/files/kitio.jpg","",0,"","kitio.jpg"
"e62f5061f0",0,0,"/files/Optimized-profil.jpg","Blogger",56000,"","teuma.jpg"
"4e7dd98db4",0,0,"/files/kitio.jpg","Blogger",95989,"","kitio.jpg"
"3160b96bd1",0,0,"/files/stickies-g81d581b19_1920.jpg","Blog Post",253101,"","0B7ZtIc.jpe"
"382553dcda",0,0,"/files/stickies-g81d581b19_1920.jpg","Blog Post",253101,"","stickies-g81d581b19_1920.jpg"
"501bf90846",1,0,"/private/files/Blog_Post(3).csv","Data Import",3926,"","Blog_Post(3).csv"
"45b7050c4f",0,0,"/files/erpnext-logo.png","Course",11439,"","erpnext-logo.png"
"6c766c29b8",1,0,"/private/files/Blog_Post(2).csv","Data Import",3882,"","Blog_Post(2).csv"
"c62a8709da",1,0,"/private/files/Blogger(3).csv","Data Import",200,"","Blogger(3)e8984b.csv"
"240382306f",1,0,"/private/files/Blogger(3).csv","Data Import",200,"","Blogger(3).csv"
"b1bc4246c9",0,0,"/files/gros-centre-donnees-rack-salle-serveurs-processus-ingenierie-travail-equipe-technologie-informatique-stockage-nuage_39422-1032.jpg","Course",27630,"","gros-centre-donnees-rack-salle-serveurs-processus-ingenierie-travail-equipe-technologie-informatique-stockage-nuage_39422-1032.jpg"
"a7c81e8b1c",0,0,"/files/rintio.png","Web Page",1693,"","rintio.png"
"c571a1d286",0,0,"/files/cible-lda.jpg","Web Page",14774,"","cible-lda.jpg"
"bfc0b28082",0,0,"/files/aretex.jpg","Web Page",27062,"","aretex.jpg"
"e857ff70d3",0,0,"/files/3il.jpg","Web Page",47739,"","3il.jpg"
"43d1d27ec0",0,0,"/files/history.jpg","",30507,"","history.jpg"
"1078c700b7",0,0,"/files/anonimous-girl.jpg","IREX_Testimony",0,"","anonimous-girl.jpg"
"9bba72c970",0,0,"/files/anonimous-girl.jpg","IREX_Testimony",7735,"","anonimous-girl.jpg"
"3836c422e7",0,0,"/files/sonia.jpeg","IREX_Testimony",0,"","sonia.jpeg"
"96d28c69c9",0,0,"/files/sonia.jpeg","IREX_Testimony",73984,"","sonia.jpeg"
"a6b39fc778",0,0,"/files/karl-eugene.jpeg","IREX_Testimony",0,"","karl-eugene.jpeg"
"88ad4439ae",0,0,"/files/karl-eugene.jpeg","IREX_Testimony",83668,"","karl-eugene.jpeg"
"ebd9f8c4b2",0,0,"/files/ndadem.jpeg","IREX_Testimony",0,"","ndadem.jpeg"
"2149b4039c",0,0,"/files/ndadem.jpeg","IREX_Testimony",12682,"","ndadem.jpeg"
"9056b1f14f",0,0,"/files/azia.png","IREX_Testimony",0,"","azia.png"
"f011ff7d11",0,0,"/files/azia.png","IREX_Testimony",255143,"","azia.png"
"0eb8d5dfec",0,0,"/files/tankeu.jpg","IREX_Testimony",0,"","tankeu.jpg"
"ddcdb2e6fa",0,0,"/files/tankeu.jpg","IREX_Testimony",6609,"","tankeu.jpg"
"5439d70365",0,0,"/files/bkwedou.png","IREX_Testimony",0,"","bkwedou.png"
"78730926af",0,0,"/files/bkwedou.png","IREX_Testimony",57226,"","bkwedou.png"
"79335a1767",0,0,"/files/choungmo.jpeg","IREX_Testimony",0,"","choungmo.jpeg"
"8761d09e61",0,0,"/files/choungmo.jpeg","IREX_Testimony",33323,"","choungmo.jpeg"
"cc0c5b1cbd",0,0,"/files/anais.jpeg","IREX_Testimony",0,"","anais.jpeg"
"64c3bc0edd",0,0,"/files/anais.jpeg","IREX_Testimony",47179,"","anais.jpeg"
"6a7ed423a9",0,0,"/files/Optimized-profil.jpg","IREX_Testimony",0,"","Optimized-profil.jpg"
"6342317299",0,0,"/files/Optimized-profil.jpg","IREX_Testimony",56000,"","Optimized-profil.jpg"
"400a972a51",0,0,"/files/dev_backend6ffb4b.png","Course",732362,"","dev_backend6ffb4b.png"
"8ae13158a4",0,0,"/files/dev_front_apic1a5af.png","Course",776991,"","dev_front_apic1a5af.png"
"d283ae3631",0,0,"/files/dev_front_api31c1b1.png","Course",775289,"","dev_front_api31c1b1.png"
"86239d8c2e",0,0,"/files/dev_front_api31c1b1.png","Course",775289,"","dev_front_api31c1b1.png"
"790cde2482",0,0,"/files/dev_front_api.png","Course",779063,"","dev_front_api.png"
"b8a57806d0",0,0,"/files/dev_front end.png","Course",752859,"","dev_front end.png"
"1053fc6597",0,0,"/files/dev_backend_avance_2.png","Course",775579,"","dev_backend_avance_2.png"
"6f5e7c9771",0,0,"/files/man-5875816_1280.jpg","",184506,"","man-5875816_1280.jpg"
"318eb6b4f4",0,0,"/files/apple-606761_1280.jpg","",180190,"","apple-606761_1280.jpg"
"db92ae1994",0,0,"/files/mockup-5285842_1280.jpg","",177169,"","mockup-5285842_1280.jpg"
"579231f061",0,0,"/files/desk-593327_1280.jpg","",123951,"","desk-593327_1280199229.jpg"
"8cdbab9420",0,0,"/files/desk-593327_1280.jpg","",123951,"","desk-593327_1280.jpg"
"a7cfa3b120",0,0,"/files/dev_backend.png","Course",774951,"","dev_backend.png"
"0ddc689466",0,0,"/files/dev_backend_avance0dc01a.png","Course",774985,"","dev_backend_avance0dc01a.png"
"218e22d6b4",0,0,"/files/dev_backend_avance.png","Course",774905,"","dev_backend_avance.png"
"6094664881",0,0,"/files/children-306607_1280.jpg","",168105,"","children-306607_1280806978.jpg"
"4d3dba3baa",0,0,"/files/children-306607_1280.jpg","",168105,"","children-306607_1280.jpg"
"244122857b",0,0,"/files/computer-1343393_1280.jpg","Course",125390,"","computer-1343393_1280740e79.jpg"
"d2d8caae87",0,0,"/files/computer-1343393_1280.jpg","Course",125390,"","computer-1343393_1280740e79.jpg"
"a557c59987",0,0,"/files/web.jpg","Program",0,"","web.jpg"
"74f79e9d68",0,0,"/files/web.jpg","Program",0,"","web.jpg"
"db3ddc60ae",0,0,"/files/computer-1343393_1280.jpg","Program",125390,"","computer-1343393_1280.jpg"
"d5480f50dd",0,0,"/files/woman-6583628_1280.jpg","",173354,"","woman-6583628_1280.jpg"
"1e8f0e44bc",0,0,"/files/bxs-location-plus-3.svg","Web Template",841,"","bxs-location-plus-3.svg"
"141d4f757e",0,0,"/files/IREX-Brand.svg","Website Settings",0,"","IREX-Brand.svg"
"8d44beeed0",0,0,"/files/kubernetes.png","Course",261482,"","kubernetes.png"
"0902d78c42",0,0,"/files/iot-dev.jpeg","Course",7770,"","iot-dev.jpeg"
"ada93b14b6",0,0,"/files/oT-infrastructure-cloud-architecture.png","Course",47935,"","oT-infrastructure-cloud-architecture.png"
"4636b5ae34",0,0,"/files/illu_docker_blog-52-1-1024x562.png","Course",21698,"","illu_docker_blog-52-1-1024x562.png"
"a3867101ba",0,0,"/files/virtual-machine-software-windows-10-featured.jpg","Course",19493,"","virtual-machine-software-windows-10-featured.jpg"
"dcab7e597f",0,0,"/files/linux-4259595_1280.jpg","Course",284969,"","linux-4259595_1280.jpg"
"89225dc6b2",0,0,"/files/large-scale-data-streaming.jpeg","Course",23133,"","large-scale-data-streaming.jpeg"
"196906ffed",0,0,"/files/large-scale-datasciencel-250.png","Course",21595,"","large-scale-datasciencel-250.png"
"952ca00441",0,0,"/files/large-scale-data-scheduling.png","Course",59428,"","large-scale-data-scheduling.png"
"e3b79c0b4c",0,0,"/files/large-scale-data-storage.png","Course",60044,"","large-scale-data-storage.png"
"24d7d0321e",0,0,"/files/large-scale-data-processing.png","Course",49113,"","large-scale-data-processing.png"
"af04f6d22c",0,0,"/files/Analyste_Affaires.jpg","Course",48198,"","Analyste_Affaires.jpg"
"53f00b7dfd",0,0,"/files/images8049f7.jpeg","Course",8311,"","images8049f7.jpeg"
"65b88d5224",0,0,"/files/ERP-1.jpg","Course",56684,"","ERP-1.jpg"
"80c9908657",0,0,"/files/QA.jpeg","Course",110937,"","QA.jpeg"
"ff5fd68a1e",0,0,"/files/email-4284157_1280.png","Program",111635,"","email-4284157_1280.png"
"647ef349bb",0,0,"/files/internet-of-things-IoT.jpeg","Program",38501,"","internet-of-things-IoT.jpeg"
"ad58b9b8c2",0,0,"/files/cyber-security-1805632_1280.png","Program",523923,"","cyber-security-1805632_1280.png"
"6d353d73d5",0,0,"/files/computer-1373684_1920.jpg","Program",232594,"","computer-1373684_1920.jpg"
"c683123ff9",0,0,"/files/webpc-passthru.png","Program",21462,"","webpc-passthru.webp"
"00d8980381",0,0,"/files/devops-3155972_1920.jpg","Program",111836,"","devops-3155972_1920.jpg"
"29770f5ebb",0,0,"/files/backend.jpeg","Course",0,"","backend.jpeg"
"16b0aa0081",0,0,"/files/backend.jpeg","Course",8766,"","backend.jpeg"
"bc9fdf3da4",0,0,"/files/web_api_development_services_p3.png","Course",124672,"","web_api_development_services_p3.png"
"bd1af4ecad",0,0,"/files/Front-End-Web-Development.jpg","Course",30679,"","Front-End-Web-Development.jpg"
"cc4a8c222a",0,0,"/files/onboarding.jpg","Course",57005,"","onboarding445d10.jpg"
"ae696c1e27",0,0,"/files/onboarding.jpg","Program",57005,"","onboarding.jpg"
"1b8aec448a",0,0,"/files/3d.jpg","Course",117956,"","3d.jpg"
"3a367bec11",0,0,"/files/videoediting.jpg","Course",144324,"","videoediting.jpg"
"b493e69e35",0,0,"/files/ux.jpg","Course",107710,"","ux.jpg"
"ff20f233ba",0,0,"/files/graphisme.jpg","Course",82971,"","graphisme.jpg"
"53f51223a8",0,0,"/files/uxdesiiiii.jpg","Program",150555,"","uxdesiiiii.jpg"
"8f880119f6",0,0,"/files/business-analysis-process.png","Program",0,"","business-analysis-process.png"
"7eb08e2755",1,0,"/private/files/Program.csv","Data Import",6758,"","Program.csv"
"05f1c1bf36",0,0,"/files/images.jpeg","Course",0,"","images.jpeg"
"d0b477e209",1,0,"/private/files/Course2c11a5.csv","Data Import",7877,"","Course2c11a5.csv"
"5bfb464857",1,0,"/private/files/Course.csv","Data Import",7842,"","Course0a6514.csv"
"24b76f4bae",1,0,"/private/files/Topic.csv","Data Import",882,"","Topic.csv"
"46059dba46",1,0,"/private/files/Department.csv","Data Import",1732,"","Department.csv"
"dda3bb94e4",0,0,"/files/creative-1691653_1280.jpg.png","Blog Post",697618,"","F4wghfN.png"
"cc007f4070",0,0,"/files/bxs-image-alt.svg","Blogger",683,"","bxs-image-alt.svg"
"0d2c39b215",0,0,"/files/creative-1691653_1280.jpg.png","Blog Post",0,"","creative-1691653_1280.jpg.png"
"907856756c",0,0,"/files/creative-1691653_1280.jpg.png","Blog Post",697618,"","creative-1691653_1280.jpg.png"
"fedbb49ee6",0,0,"/files/workstation-405768_1920.jpg","",475503,"","workstation-405768_1920.jpg"
"6cd8931b89",0,0,"/files/bxl-facebook-square.svg","Website Settings",342,"","bxl-facebook-square.svg"
"9ab3b0455c",0,0,"/files/bxl-linkedin-square.svg","Website Settings",469,"","bxl-linkedin-square.svg"
"2f9e983706",0,0,"/files/fashion-1835871_1280.jpg","IREX_Testimony",109610,"","fashion-1835871_1280.jpg"
"a891fbc687",0,0,"/files/black-professional-4334648_1280.jpg","IREX_Testimony",131269,"","black-professional-4334648_1280.jpg"
"4a79d7dfaf",0,0,"/files/quote-left-5.svg","Web Template",2532,"","quote-left-5.svg"
"76832d81df",0,0,"/files/black-male-4568763_1280.jpg","IREX_Testimony",133658,"","black-male-4568763_1280230a83.jpg"
"8082ab6e75",0,0,"/files/black-male-4568763_1280.jpg","IREX_Testimony",133658,"","black-male-4568763_1280230a83.jpg"
"2394785539",0,0,"/files/black-male-4568763_1280.jpg","IREX_Testimony",133658,"","black-male-4568763_1280.jpg"
"50aa0155ab",0,0,"/files/web.jpg","IREX_Bootcamp",19226,"","web.jpg"
"c31e799340",0,0,"/files/business-analysis-process.png","IREX_Bootcamp",0,"","business-analysis-process.png"
"4a251d26e6",0,0,"/files/bxs-chart09ae5d.svg","IREX_Bootcamp",0,"","bxs-chart09ae5d.svg"
"efacf6ebdb",0,0,"/files/business-analysis-process.png","IREX_Bootcamp",106888,"","business-analysis-process.png"
"277527a60e",0,0,"/files/bxs-chart09ae5d.svg","IREX_Bootcamp",284,"","bxs-chart09ae5d.svg"
"36aa8c612d",0,0,"/files/webpc-passthru.png","IREX_Bootcamp",0,"","webpc-passthru.png"
"068f2ab4ea",0,0,"/files/bxs-chart09ae5d.svg","IREX_Bootcamp",0,"","bxs-chart09ae5d.svg"
"13463dd94e",0,0,"/files/webpc-passthru.png","IREX_Bootcamp",21462,"","webpc-passthru.png"
"5af521dc7f",0,0,"/files/bxs-chart09ae5d.svg","IREX_Bootcamp",284,"","bxs-chart09ae5d.svg"
"0fcb03ab1e",0,0,"/files/images.jpeg","IREX_Bootcamp",0,"","images.jpeg"
"298ef9592b",0,0,"/files/bxs-data740bb1.svg","IREX_Bootcamp",0,"","bxs-data740bb1.svg"
"9711d8159f",0,0,"/files/images.jpeg","IREX_Bootcamp",6565,"","images.jpeg"
"d3f40d9513",0,0,"/files/bxs-data740bb1.svg","IREX_Bootcamp",349,"","bxs-data740bb1.svg"
"94b0e4a72f",0,0,"/files/bx-worldbbe725.svg","IREX_Bootcamp",0,"","bx-worldbbe725.svg"
"01048ae05b",0,0,"/files/bx-worldbbe725.svg","IREX_Bootcamp",417,"","bx-worldbbe725.svg"
"8dc249916e",0,0,"/files/dev-web.jpg","IREX_Bootcamp",37262,"","dev-web.jpg"
"53e6dab275",0,0,"/files/IREX-Brand.svg","Website Settings",0,"","IREX-Brand.svg"
"71aff33ac1",0,0,"/files/bxs-select-multiple.svg","Web Template",1852,"","bxs-select-multiple.svg"
"fd0e4e8820",0,0,"/files/bxs-notepad.svg","Web Template",1809,"","bxs-notepad.svg"
"701b39845c",0,0,"/files/bxs-hand.svg","Web Template",2383,"","bxs-hand.svg"
"397979ca22",0,0,"/files/bx-log-in.svg","Web Template",1812,"","bx-log-in.svg"
"8a9fdc4221",0,0,"/files/map-of-the-world-2401458_1280.jpg","",262681,"","map-of-the-world-2401458_1280.jpg"
"f329248352",0,0,"/files/question-mark-3470783_1280.jpg.png","Web Template",664778,"","question-mark-3470783_1280.jpg.png"
"a4df80342e",0,0,"/files/shape2.png","Website Theme",23993,"","shape2.png"
"d42c0209d7",0,0,"/files/shape1.png","Website Theme",15316,"","shape1.png"
"439f39898e",0,0,"/files/dots.png","Website Theme",2450,"","dots.png"
"80f817c65f",0,0,"/files/Headline-Images.png","",338172,"","Headline-Imagesb648cf.png"
"d56d6b3ea4",0,0,"/files/Headline-Images.png","",338172,"","Headline-Imagesb648cf.png"
"5820d958ae",0,0,"/files/Headline-Images.png","Homepage",338172,"","Headline-Images.png"
"dda2a48f30",0,0,"/files/image2vector.svg","",189741,"","irex-logo-64.svg"
"1b60bb360f",0,0,"/files/image2vector.svg","",189741,"","irex-logo-64.svg"
"881e669705",0,0,"/files/image2vector.svg","",189741,"","image2vector.svg"
"16474e8af3",0,0,"/files/A3dXdDU.png","Email Account",3085,"","A3dXdDU.png"
"Home/Attachments",0,1,"","",0,"","Attachments"
"Home",0,0,"","",0,"","Home"
